open_timestamp_utc,close_timestamp_utc,open,high,low,close,volume
1555671600,1555675199,72.4,72.72,72.4,72.64,240.98
1555675200,1555678799,72.67,72.88,72.35,72.64,230.03
1555678800,1555682399,72.58,72.71,72.5,72.71,170.88
1555682400,1555685999,72.6,72.8,72.45,72.6,88.66
1555686000,1555689599,72.63,74.02,72.63,73.83,1063.57
1555689600,1555693199,73.85,74.45,72.73,72.82,1481.3
1555693200,1555696799,72.81,73.31,72.81,73.12,189.4
1555696800,1555700399,73.01,73.55,72.83,73.23,396.47
1555700400,1555703999,73.24,73.54,73.01,73.16,270.97
1555704000,1555707599,73.26,73.57,72.85,72.98,732.55
1555707600,1555711199,72.92,73.13,72.84,73.11,190.23
1555711200,1555714799,73.13,73.19,72.78,72.98,213.6
1555714800,1555718399,73.09,73.75,72.95,73.36,256.26
1555718400,1555721999,73.44,73.8,73.08,73.16,112.9
1555722000,1555725599,73.23,73.3,73.15,73.19,80.59
1555725600,1555729199,73.45,73.58,73.16,73.35,54.52
1555729200,1555732799,73.26,73.37,73.26,73.27,14.32
1555732800,1555736399,73.26,73.5,73.26,73.5,14.89
1555736400,1555739999,73.37,73.6,73.25,73.41,165.13
1555740000,1555743599,73.5,73.63,73.23,73.4,157.74
1555743600,1555747199,73.34,73.48,73.31,73.42,120.48
1555747200,1555750799,73.35,73.82,73.14,73.37,196.95
1555750800,1555754399,73.35,73.35,72.4,72.64,632.9
1555754400,1555757999,72.64,72.64,71.72,72.11,1185.33
1555758000,1555761599,72.15,72.71,72.15,72.36,477.76
1555761600,1555765199,72.37,72.72,72.32,72.72,196.08
1555765200,1555768799,72.72,72.75,72.4,72.56,397.29
1555768800,1555772399,72.52,72.52,72.24,72.24,182.91
1555772400,1555775999,72.36,72.68,72.22,72.44,395.01
1555776000,1555779599,72.45,72.7,72.33,72.69,124.32
1555779600,1555783199,72.59,72.59,72.15,72.18,195.92
1555783200,1555786799,72.2,72.24,72.08,72.16,317.59
1555786800,1555790399,72.13,72.38,72.09,72.15,47.53
1555790400,1555793999,72.16,72.35,72.09,72.09,132.34
1555794000,1555797599,72.22,72.25,71.2,71.47,710.65
1555797600,1555801199,71.56,72.49,71.55,72.31,198.81
1555801200,1555804799,72.32,72.74,72.3,72.64,137.53
1555804800,1555808399,72.68,73.05,72.53,72.65,378.69
1555808400,1555811999,72.65,72.81,72.64,72.64,37.7
1555812000,1555815599,72.63,72.63,72.63,72.63,26.07
1555815600,1555819199,72.65,72.7,72.62,72.62,6.72
1555819200,1555822799,72.62,72.62,72.21,72.29,10.68
1555822800,1555826399,72.21,72.21,71.99,72.0,74.99
1555826400,1555829999,71.99,72.19,71.8,71.9,565.55
1555830000,1555833599,71.91,71.98,71.68,71.69,218.44
1555833600,1555837199,71.68,71.69,70.19,70.94,1767.81
1555837200,1555840799,70.95,71.14,66.01,67.5,5706.43
1555840800,1555844399,67.32,68.81,67.15,67.98,3602.72
1555844400,1555847999,67.87,68.33,66.66,67.46,2114.01
1555848000,1555851599,67.38,67.94,66.55,67.54,2472.5
1555851600,1555855199,67.59,68.36,67.59,68.0,593.2
1555855200,1555858799,67.94,68.05,67.63,67.96,270.19
1555858800,1555862399,67.9,68.27,67.81,68.04,268.24
1555862400,1555865999,68.05,68.1,67.4,67.49,565.5
1555866000,1555869599,67.63,68.01,67.54,67.6,417.49
1555869600,1555873199,67.65,67.86,67.45,67.52,307.51
1555873200,1555876799,67.49,68.01,67.39,67.78,261.65
1555876800,1555880399,67.75,68.48,67.63,68.08,413.79
1555880400,1555883999,68.09,68.5,67.96,68.47,249.68
1555884000,1555887599,68.31,69.18,68.3,68.94,376.84
1555887600,1555891199,68.86,68.98,68.51,68.89,407.05
1555891200,1555894799,68.9,68.9,68.52,68.74,143.04
1555894800,1555898399,68.76,68.83,67.87,67.98,526.7
1555898400,1555901999,67.93,68.17,67.93,68.03,11.17
1555902000,1555905599,68.01,68.11,67.5,67.54,252.98
1555905600,1555909199,67.5,67.78,67.41,67.7,105.99
1555909200,1555912799,67.7,68.1,67.51,67.68,222.13
1555912800,1555916399,67.66,68.14,67.65,67.98,335.93
1555916400,1555919999,67.87,68.32,67.71,67.9,1208.31
1555920000,1555923599,67.9,68.51,67.86,68.32,220.35
1555923600,1555927199,68.34,68.75,68.2,68.71,175.97
1555927200,1555930799,68.73,69.5,68.4,69.26,833.1
1555930800,1555934399,69.23,69.49,68.86,68.86,403.89
1555934400,1555937999,68.86,69.19,68.39,68.53,527.64
1555938000,1555941599,68.54,68.59,68.2,68.2,462.69
1555941600,1555945199,68.21,68.74,68.11,68.51,244.63
1555945200,1555948799,68.49,69.55,67.76,67.76,695.32
1555948800,1555952399,67.99,68.17,67.51,68.0,731.93
1555952400,1555955999,68.0,68.7,68.0,68.36,327.17
1555956000,1555959599,68.34,68.65,68.06,68.39,1036.71
1555959600,1555963199,68.44,69.11,68.18,69.11,563.88
1555963200,1555966799,69.12,69.35,68.41,68.55,794.0
1555966800,1555970399,68.53,69.03,68.38,68.8,121.5
1555970400,1555973999,68.84,68.95,68.65,68.95,204.96
1555974000,1555977599,68.75,68.86,68.4,68.4,151.92
1555977600,1555981199,68.42,68.42,68.1,68.37,735.73
1555981200,1555984799,68.25,68.41,68.25,68.29,9.81
1555984800,1555988399,68.41,68.73,68.41,68.64,22.88
1555988400,1555991999,68.68,68.8,68.44,68.44,235.24
1555992000,1555995599,68.36,70.5,67.87,69.75,2423.99
1555995600,1555999199,69.75,70.1,69.49,69.85,259.59
1555999200,1556002799,69.86,70.35,69.42,69.91,630.38
1556002800,1556006399,69.9,70.58,69.56,70.23,1143.85
1556006400,1556009999,70.24,70.8,70.12,70.22,1069.06
1556010000,1556013599,70.12,70.12,69.72,69.98,775.4
1556013600,1556017199,69.91,70.1,69.79,69.89,324.92
1556017200,1556020799,69.89,70.08,69.56,69.77,760.77
1556020800,1556024399,69.63,70.2,69.6,69.84,938.82
1556024400,1556027999,69.84,69.9,69.65,69.73,658.24
1556028000,1556031599,69.73,70.26,69.63,70.21,989.3
1556031600,1556035199,70.08,70.15,69.2,69.37,1600.46
1556035200,1556038799,69.4,69.5,69.16,69.39,685.07
1556038800,1556042399,69.39,69.55,69.19,69.36,874.66
1556042400,1556045999,69.25,69.46,69.17,69.34,336.55
1556046000,1556049599,69.33,69.34,69.12,69.25,350.83
1556049600,1556053199,69.23,69.25,68.26,68.67,1590.65
1556053200,1556056799,68.71,68.79,68.29,68.31,859.21
1556056800,1556060399,68.3,68.3,66.7,67.91,1788.74
1556060400,1556063999,68.01,68.2,65.81,66.02,1311.59
1556064000,1556067599,66.1,67.08,66.1,66.77,899.45
1556067600,1556071199,66.77,66.91,62.52,64.61,5762.26
1556071200,1556074799,64.78,65.65,64.77,65.53,475.24
1556074800,1556078399,65.7,66.28,65.53,65.87,440.12
1556078400,1556081999,65.87,66.25,65.5,66.25,566.67
1556082000,1556085599,66.17,66.3,65.75,66.14,810.43
1556085600,1556089199,66.21,66.37,65.69,65.85,840.25
1556089200,1556092799,65.88,66.07,63.2,64.29,2956.08
1556092800,1556096399,64.31,65.19,63.75,64.85,2026.69
1556096400,1556099999,64.85,64.85,64.0,64.11,818.97
1556100000,1556103599,64.0,64.4,63.64,64.07,1612.92
1556103600,1556107199,64.03,65.24,63.69,64.79,766.59
1556107200,1556110799,64.77,65.29,64.71,64.94,762.26
1556110800,1556114399,64.97,65.09,64.23,64.23,684.35
1556114400,1556117999,64.21,65.0,64.04,64.92,700.06
1556118000,1556121599,64.8,65.32,64.75,64.75,641.2
1556121600,1556125199,64.75,64.93,63.83,64.2,996.92
1556125200,1556128799,64.24,64.83,64.15,64.29,835.49
1556128800,1556132399,64.27,64.46,63.45,64.45,1308.56
1556132400,1556135999,64.35,65.25,64.35,64.97,800.36
1556136000,1556139599,64.86,65.4,64.69,65.07,1195.58
1556139600,1556143199,65.15,65.21,64.74,64.83,191.91
1556143200,1556146799,64.85,65.5,64.85,65.44,175.94
1556146800,1556150399,65.46,65.8,65.25,65.6,161.76
1556150400,1556153999,65.66,66.75,65.63,66.1,393.65
1556154000,1556157599,66.24,66.41,65.99,66.34,91.58
1556157600,1556161199,66.38,66.38,65.51,65.51,87.31
1556161200,1556164799,65.51,65.51,65.11,65.43,21.35
1556164800,1556168399,65.47,66.16,65.47,65.64,117.51
1556168400,1556171999,65.58,65.76,65.36,65.72,254.94
1556172000,1556175599,65.67,65.67,64.9,64.99,231.25
1556175600,1556179199,65.03,65.63,64.91,65.4,359.36
1556179200,1556182799,65.42,65.64,65.26,65.4,435.34
1556182800,1556186399,65.42,65.75,64.94,65.75,151.0
1556186400,1556189999,65.66,67.08,65.66,66.59,1058.65
1556190000,1556193599,66.73,66.84,66.34,66.84,594.18
1556193600,1556197199,66.9,66.9,66.4,66.66,192.47
1556197200,1556200799,66.54,66.6,66.33,66.48,342.17
1556200800,1556204399,66.52,66.8,66.15,66.41,327.32
1556204400,1556207999,66.43,66.8,66.4,66.5,322.34
1556208000,1556211599,66.47,66.78,66.35,66.69,429.64
1556211600,1556215199,66.67,66.7,66.26,66.4,754.69
1556215200,1556218799,66.29,66.46,66.17,66.46,755.55
1556218800,1556222399,66.43,66.67,66.31,66.33,294.01
1556222400,1556225999,66.33,66.69,66.3,66.54,345.68
1556226000,1556229599,66.52,66.65,65.27,65.27,1172.25
1556229600,1556233199,65.27,65.27,62.39,63.95,6188.64
1556233200,1556236799,64.01,64.01,63.21,63.58,605.98
1556236800,1556240399,63.5,63.58,62.1,62.99,874.23
1556240400,1556243999,63.04,63.41,62.89,63.26,211.96
1556244000,1556247599,63.1,65.75,63.04,64.54,531.19
1556247600,1556251199,64.73,65.07,64.53,64.7,147.68
1556251200,1556254799,64.73,64.88,63.92,63.98,928.9
1556254800,1556258399,64.04,64.58,63.97,64.3,149.76
1556258400,1556261999,64.12,64.12,63.52,63.82,246.33
1556262000,1556265599,63.66,64.4,63.66,64.15,471.56
1556265600,1556269199,64.02,64.73,64.01,64.18,440.84
1556269200,1556272799,64.19,64.19,63.82,63.85,572.06
1556272800,1556276399,63.85,64.14,63.81,63.93,250.67
1556276400,1556279999,63.94,64.36,63.73,64.02,1107.54
1556280000,1556283599,63.95,64.3,63.77,64.27,457.8
1556283600,1556287199,64.17,64.17,63.94,64.14,205.16
1556287200,1556290799,64.05,64.09,63.73,63.75,630.21
1556290800,1556294399,63.75,63.81,63.25,63.4,821.73
1556294400,1556297999,63.41,63.65,62.4,63.4,2080.98
1556298000,1556301599,63.26,63.99,63.19,63.7,843.16
1556301600,1556305199,63.54,63.66,63.01,63.01,297.52
1556305200,1556308799,63.01,63.26,62.94,63.19,235.26
1556308800,1556312399,63.24,63.6,63.21,63.52,161.96
1556312400,1556315999,63.59,64.0,63.42,64.0,433.06
1556316000,1556319599,64.0,64.53,63.9,63.9,513.87
1556319600,1556323199,63.99,64.42,63.78,64.33,435.9
1556323200,1556326799,64.31,64.5,64.11,64.17,88.2
1556326800,1556330399,64.15,64.19,63.91,63.96,122.29
1556330400,1556333999,64.03,64.09,63.86,64.07,284.47
1556334000,1556337599,63.83,64.07,63.74,63.95,22.39
1556337600,1556341199,63.84,63.84,63.55,63.8,60.52
1556341200,1556344799,63.86,64.03,63.81,63.9,58.68
1556344800,1556348399,64.0,64.11,64.0,64.11,92.18
1556348400,1556351999,64.05,64.15,63.91,64.07,434.78
1556352000,1556355599,64.05,64.12,63.7,63.81,206.69
1556355600,1556359199,63.74,64.15,63.56,63.56,663.39
1556359200,1556362799,63.66,63.84,63.65,63.75,193.77
1556362800,1556366399,63.8,64.0,63.73,63.74,359.9
1556366400,1556369999,63.76,63.9,63.3,63.55,564.62
1556370000,1556373599,63.43,63.77,63.38,63.77,365.5
1556373600,1556377199,63.69,64.12,63.68,63.8,222.62
1556377200,1556380799,63.74,63.93,63.72,63.77,384.71
1556380800,1556384399,63.76,64.03,63.72,63.97,257.04
1556384400,1556387999,63.89,64.05,63.5,64.0,422.2
1556388000,1556391599,64.01,64.1,63.86,63.93,505.14
1556391600,1556395199,63.94,64.25,63.87,64.0,178.11
1556395200,1556398799,63.99,64.05,63.58,63.62,664.76
1556398800,1556402399,63.66,63.81,63.57,63.57,361.14
1556402400,1556405999,63.61,63.86,63.57,63.75,221.94
1556406000,1556409599,63.74,63.84,63.27,63.43,562.45
1556409600,1556413199,63.53,63.7,63.44,63.52,144.91
1556413200,1556416799,63.57,63.72,63.27,63.27,133.69
1556416800,1556420399,63.27,63.28,62.8,63.07,519.9
1556420400,1556423999,63.02,63.13,63.02,63.13,47.17
1556424000,1556427599,63.37,63.37,63.12,63.12,53.83
1556427600,1556431199,63.2,63.2,62.65,62.79,105.55
1556431200,1556434799,62.91,62.92,62.33,62.4,494.16
1556434800,1556438399,62.52,63.01,62.38,63.01,368.04
1556438400,1556441999,63.07,63.12,62.87,63.0,113.25
1556442000,1556445599,63.02,63.09,62.77,62.88,141.61
1556445600,1556449199,62.85,63.58,62.76,63.28,277.36
1556449200,1556452799,63.34,63.75,63.34,63.55,421.72
1556452800,1556456399,63.62,63.75,63.18,63.18,349.8
1556456400,1556459999,63.14,63.19,60.55,61.4,1368.45
1556460000,1556463599,61.41,62.0,61.19,61.28,566.01
1556463600,1556467199,61.32,61.8,61.23,61.61,328.24
1556467200,1556470799,61.53,61.64,61.0,61.18,585.53
1556470800,1556474399,61.19,61.37,61.01,61.01,330.83
1556474400,1556477999,61.03,61.11,60.8,61.02,729.49
1556478000,1556481599,61.04,61.04,60.15,60.41,3067.44
1556481600,1556485199,60.41,60.92,60.41,60.5,754.59
1556485200,1556488799,60.55,60.55,60.0,60.03,1192.46
1556488800,1556492399,60.03,60.64,60.03,60.58,206.28
1556492400,1556495999,60.63,60.84,60.1,60.79,859.38
1556496000,1556499599,60.61,60.79,60.6,60.78,65.1
1556499600,1556503199,60.77,60.77,60.54,60.58,78.65
1556503200,1556506799,60.59,60.94,60.59,60.89,89.98
1556506800,1556510399,60.86,61.05,60.84,61.05,183.79
1556510400,1556513999,61.02,61.21,60.98,61.21,94.07
1556514000,1556517599,61.19,61.26,61.11,61.11,47.03
1556517600,1556521199,61.13,61.24,60.95,60.96,605.3
1556521200,1556524799,60.96,61.16,60.94,60.94,118.81
1556524800,1556528399,61.02,61.08,60.82,60.83,412.31
1556528400,1556531999,60.83,60.93,60.42,60.55,645.64
1556532000,1556535599,60.55,60.8,59.79,59.85,1666.99
1556535600,1556539199,59.85,60.22,59.85,60.12,786.97
1556539200,1556542799,60.09,60.11,58.26,58.84,3298.76
1556542800,1556546399,58.85,59.49,58.21,59.49,2527.5
1556546400,1556549999,59.37,59.64,59.2,59.29,328.5
1556550000,1556553599,59.25,59.54,59.05,59.2,991.28
1556553600,1556557199,59.09,59.46,59.09,59.3,316.9
1556557200,1556560799,59.2,59.85,59.1,59.55,671.27
1556560800,1556564399,59.5,59.58,59.23,59.58,352.09
1556564400,1556567999,59.55,59.58,59.29,59.53,227.61
1556568000,1556571599,59.54,59.54,59.07,59.1,189.78
1556571600,1556575199,59.1,59.36,59.0,59.0,345.5
1556575200,1556578799,59.0,59.0,58.36,58.59,1013.81
1556578800,1556582399,58.71,59.38,58.34,59.26,643.12
1556582400,1556585999,59.37,61.1,59.37,60.14,1062.37
1556586000,1556589599,60.15,61.04,60.15,60.94,740.49
1556589600,1556593199,60.98,61.4,60.76,61.15,456.86
1556593200,1556596799,61.02,61.04,60.44,60.69,767.5
1556596800,1556600399,60.62,60.71,60.3,60.31,133.77
1556600400,1556603999,60.37,60.73,60.34,60.45,69.26
1556604000,1556607599,60.53,61.06,60.41,60.92,416.18
1556607600,1556611199,60.86,60.99,60.8,60.97,165.53
1556611200,1556614799,60.96,61.41,60.86,61.02,2403.43
1556614800,1556618399,61.02,61.04,60.4,60.99,304.75
1556618400,1556621999,60.99,62.87,60.99,62.75,2584.15
1556622000,1556625599,62.6,63.86,62.57,63.82,2320.42
1556625600,1556629199,63.7,63.88,63.13,63.22,1229.62
1556629200,1556632799,63.21,64.24,62.82,63.87,1704.78
1556632800,1556636399,63.79,64.69,63.79,64.24,1890.88
1556636400,1556639999,64.27,64.6,63.72,64.53,1252.4
1556640000,1556643599,64.5,64.6,63.88,64.18,1032.16
1556643600,1556647199,64.18,65.0,64.07,64.19,1749.71
1556647200,1556650799,64.19,64.31,63.96,64.3,534.86
1556650800,1556654399,64.3,64.85,63.92,64.14,842.83
1556654400,1556657999,64.09,64.57,63.92,64.55,362.45
1556658000,1556661599,64.5,65.47,64.39,65.32,1507.62
1556661600,1556665199,65.24,65.91,65.18,65.79,917.15
1556665200,1556668799,65.92,65.92,65.22,65.4,449.59
1556668800,1556672399,65.63,66.69,65.37,65.8,1205.26
1556672400,1556675999,65.87,66.0,65.17,65.17,183.06
1556676000,1556679599,65.11,65.79,65.07,65.35,378.26
1556679600,1556683199,65.25,65.25,64.91,65.21,164.04
1556683200,1556686799,65.02,65.14,64.87,65.01,178.7
1556686800,1556690399,65.15,65.4,64.98,65.27,168.08
1556690400,1556693999,65.38,65.62,64.98,65.62,261.04
1556694000,1556697599,65.5,65.51,65.1,65.2,578.82
1556697600,1556701199,65.12,65.12,63.91,64.22,1032.03
1556701200,1556704799,64.22,64.48,64.07,64.48,420.0
1556704800,1556708399,64.41,64.5,64.1,64.5,131.39
1556708400,1556711999,64.5,64.98,64.33,64.63,238.41
1556712000,1556715599,64.49,64.49,63.53,63.94,1004.93
1556715600,1556719199,63.82,63.91,63.4,63.83,432.16
1556719200,1556722799,63.79,64.46,63.79,64.16,685.24
1556722800,1556726399,64.0,64.44,63.9,64.31,196.75
1556726400,1556729999,64.35,64.43,64.0,64.2,133.03
1556730000,1556733599,64.15,65.53,64.15,65.5,1012.98
1556733600,1556737199,65.44,65.45,64.6,64.74,695.16
1556737200,1556740799,64.74,64.81,64.1,64.3,238.26
1556740800,1556744399,64.3,64.41,63.96,64.18,1204.07
1556744400,1556747999,64.17,64.4,63.84,64.13,282.28
1556748000,1556751599,64.11,64.22,64.04,64.11,97.95
1556751600,1556755199,64.21,64.9,64.21,64.75,104.13
1556755200,1556758799,64.75,64.83,64.2,64.48,74.34
1556758800,1556762399,64.48,64.48,64.14,64.14,30.11
1556762400,1556765999,64.46,64.46,64.3,64.4,103.71
1556766000,1556769599,64.23,64.69,64.23,64.69,19.38
1556769600,1556773199,64.75,64.75,64.39,64.66,141.46
1556773200,1556776799,64.49,64.72,64.46,64.65,155.94
1556776800,1556780399,64.6,64.9,64.38,64.9,159.75
1556780400,1556783999,64.9,65.48,64.9,65.22,452.99
1556784000,1556787599,65.15,65.49,65.0,65.19,354.62
1556787600,1556791199,65.3,65.4,64.66,64.88,594.02
1556791200,1556794799,64.85,65.01,64.75,64.76,173.18
1556794800,1556798399,64.75,65.08,64.69,64.95,233.47
1556798400,1556801999,64.9,65.2,64.78,65.2,504.25
1556802000,1556805599,65.01,65.1,64.24,64.77,909.97
1556805600,1556809199,64.74,64.74,64.25,64.58,383.85
1556809200,1556812799,64.59,65.13,64.57,64.8,234.61
1556812800,1556816399,64.83,64.9,64.32,64.39,444.24
1556816400,1556819999,64.41,64.85,64.3,64.55,282.82
1556820000,1556823599,64.54,64.56,64.01,64.01,391.24
1556823600,1556827199,64.0,64.49,63.97,64.26,371.66
1556827200,1556830799,64.22,64.64,64.07,64.47,216.97
1556830800,1556834399,64.62,64.81,64.41,64.61,296.66
1556834400,1556837999,64.61,64.74,64.51,64.74,258.55
1556838000,1556841599,64.74,64.9,64.58,64.85,23.38
1556841600,1556845199,64.53,64.71,64.46,64.69,28.43
1556845200,1556848799,64.69,65.74,64.69,65.44,392.96
1556848800,1556852399,65.45,66.0,65.45,65.7,97.24
1556852400,1556855999,65.74,65.77,65.46,65.63,47.04
1556856000,1556859599,65.64,65.98,65.56,65.69,340.39
1556859600,1556863199,65.59,65.75,65.46,65.74,136.79
1556863200,1556866799,65.74,66.5,65.73,65.88,1209.26
1556866800,1556870399,65.98,66.46,65.63,65.7,678.33
1556870400,1556873999,65.86,65.88,65.06,65.44,1072.43
1556874000,1556877599,65.45,71.31,65.18,70.7,7494.39
1556877600,1556881199,70.69,70.78,69.43,69.74,3467.7
1556881200,1556884799,69.67,70.27,69.63,70.01,838.36
1556884800,1556888399,69.92,70.78,69.9,70.33,1261.25
1556888400,1556891999,70.34,70.95,70.33,70.48,1429.1
1556892000,1556895599,70.52,70.79,69.56,69.89,2142.93
1556895600,1556899199,69.75,69.76,69.12,69.67,1426.7
1556899200,1556902799,69.68,69.86,69.33,69.35,2533.22
1556902800,1556906399,69.54,69.63,68.57,68.97,1642.37
1556906400,1556909999,69.0,69.6,68.99,69.55,328.58
1556910000,1556913599,69.54,69.54,69.2,69.26,472.36
1556913600,1556917199,69.26,70.03,69.26,69.69,784.25
1556917200,1556920799,69.78,69.85,69.44,69.85,291.98
1556920800,1556924399,69.8,69.85,69.27,69.36,289.2
1556924400,1556927999,69.47,69.56,69.35,69.42,71.44
1556928000,1556931599,69.31,71.77,69.31,71.32,1262.31
1556931600,1556935199,71.14,72.6,70.85,72,1507.04
1556935200,1556938799,72.18,72.18,71.02,71.36,335.84
1556938800,1556942399,71.12,71.29,69.75,69.87,260.03
1556942400,1556945999,69.86,69.86,67.28,68.65,3171.63
1556946000,1556949599,68.65,68.73,67.99,68.17,254.24
1556949600,1556953199,68.31,69,67.74,69,165.65
1556953200,1556956799,69,69.23,68.86,68.89,252.66
1556956800,1556960399,68.89,69.11,68.54,68.79,888.03
1556960400,1556963999,68.8,69.08,68.11,68.26,483.43
1556964000,1556967599,68.26,68.3,67.66,68.13,872.11
1556967600,1556971199,68.12,68.52,68.02,68.16,424.77
1556971200,1556974799,68.23,68.23,67.11,67.5,791.53
1556974800,1556978399,67.5,67.79,65.88,66.35,3156.58
1556978400,1556981999,66.55,67.08,66.33,66.91,365.69
1556982000,1556985599,66.9,67.1,66.57,66.65,328.57
1556985600,1556989199,66.57,67.33,66.45,67.21,276.25
1556989200,1556992799,67.2,67.41,67.03,67.24,468.9
1556992800,1556996399,67.27,67.28,67,67.1,101.71
1556996400,1556999999,67.09,67.28,67.03,67.26,118.76
1557000000,1557003599,67.25,68.4,67.25,68.4,1735.58
1557003600,1557007199,68.4,69.28,68.4,68.73,3395.93
1557007200,1557010799,68.73,69.63,68.35,69.23,936.89
1557010800,1557014399,69.22,69.22,68.45,68.84,342.97
1557014400,1557017999,68.82,68.94,67.8,68.83,1311.12
1557018000,1557021599,68.82,68.95,68.02,68.02,117.49
1557021600,1557025199,68.12,68.61,68.11,68.22,258.08
1557025200,1557028799,68.28,68.28,68.04,68.25,315.57
1557028800,1557032399,68.28,68.28,67.52,67.52,285.02
1557032400,1557035999,67.67,68.6,67.52,68.39,237.87
1557036000,1557039599,68.51,68.68,68.15,68.37,283.12
1557039600,1557043199,68.36,68.42,67.63,67.69,173.06
1557043200,1557046799,67.7,67.89,67.2,67.78,469.96
1557046800,1557050399,67.79,67.99,67.46,67.5,480.52
1557050400,1557053999,67.48,67.59,66.76,67.59,1010.07
1557054000,1557057599,67.59,67.59,66.88,66.97,289.8
1557057600,1557061199,67.02,67.69,66.99,67.56,278.73
1557061200,1557064799,67.65,67.87,67.49,67.66,376.73
1557064800,1557068399,67.78,67.79,67.18,67.28,224.88
1557068400,1557071999,67.28,67.6,67.07,67.45,191.39
1557072000,1557075599,67.47,67.48,67.01,67.36,194.09
1557075600,1557079199,67.33,67.33,66.81,66.84,222.8
1557079200,1557082799,66.84,67.3,66.64,67.2,911.49
1557082800,1557086399,67.21,67.43,67.19,67.41,653.14
1557086400,1557089999,67.41,68.16,67.41,68.05,660.3
1557090000,1557093599,68.07,68.26,67.64,67.74,557.35
1557093600,1557097199,67.73,67.75,66.89,66.95,642.87
1557097200,1557100799,66.97,67.19,66.81,66.81,206.86
1557100800,1557104399,66.91,67.1,65.13,65.47,3338.01
1557104400,1557107999,65.71,66,64.31,65.25,2238.13
1557108000,1557111599,65.24,65.65,65.24,65.4,36.82
1557111600,1557115199,65.39,65.39,63.5,63.96,914.74
1557115200,1557118799,64.03,64.6,63.86,64.58,310.88
1557118800,1557122399,64.61,64.76,64.39,64.4,744.85
1557122400,1557125999,64.43,64.58,64,64.43,877.7
1557126000,1557129599,64.4,64.54,63.6,63.75,763.73
1557129600,1557133199,63.73,64.39,63.58,64.17,431.51
1557133200,1557136799,64.17,65.56,64.17,65.24,1085.82
1557136800,1557140399,65.27,65.9,64.89,65,498.27
1557140400,1557143999,64.99,65.56,64.82,65.39,253.69
1557144000,1557147599,65.32,65.32,64.92,65.05,448.83
1557147600,1557151199,65.05,65.29,64.56,64.58,266.36
1557151200,1557154799,64.76,66.54,64.76,66.14,1766.97
1557154800,1557158399,66.14,66.87,65.95,66.67,1173.55
1557158400,1557161999,66.9,67.95,66.64,67.7,1925.61
1557162000,1557165599,67.7,67.93,67.03,67.55,1401.77
1557165600,1557169199,67.6,67.8,67.31,67.4,1402.86
1557169200,1557172799,67.56,67.72,66.88,67.29,505.83
1557172800,1557176399,67.24,67.32,66.61,66.93,692.06
1557176400,1557179999,66.94,67.49,66.6,67.34,747.56
1557180000,1557183599,67.4,67.46,66.74,66.91,713.05
1557183600,1557187199,66.92,66.92,66.32,66.32,209.89
1557187200,1557190799,66.54,69.45,66.52,69.11,2141.64
1557190800,1557194399,69.07,69.13,68,68,383.5
1557194400,1557197999,68.07,69.2,68.07,68.85,896.59
1557198000,1557201599,69,69.11,67.82,68.53,1028.52
1557201600,1557205199,68.53,68.53,67.83,68.07,470.54
1557205200,1557208799,68.02,68.22,67.5,67.5,991.12
1557208800,1557212399,67.53,68.33,67.51,68.25,901.23
1557212400,1557215999,68.21,68.21,67.31,67.86,1579.03
1557216000,1557219599,67.86,68.08,67.56,67.59,966.08
1557219600,1557223199,67.61,68.39,67.46,68.13,463.08
1557223200,1557226799,68.17,68.33,67.97,68.03,454.31
1557226800,1557230399,68.04,68.1,67.68,68.06,571.7
1557230400,1557233999,67.99,68.3,67.99,68.25,478.71
1557234000,1557237599,68.24,68.5,68.01,68.48,661.35
1557237600,1557241199,68.5,69.07,65.01,65.99,4533.15
1557241200,1557244799,66.07,66.35,65.88,66.25,846.85
1557244800,1557248399,66.27,67.03,66.1,66.89,697.15
1557248400,1557251999,66.89,66.89,66.28,66.48,323.12
1557252000,1557255599,66.39,66.63,66.27,66.54,200.61
1557255600,1557259199,66.53,66.75,66.05,66.05,1077.35
1557259200,1557262799,66.07,66.83,66.04,66.54,815.23
1557262800,1557266399,66.49,66.95,66.49,66.95,164.46
1557266400,1557269999,66.95,67,66.79,67,189.71
1557270000,1557273599,67.13,67.4,65.22,65.58,905.53
1557273600,1557277199,65.51,65.51,63.96,64.92,2388.44
1557277200,1557280799,64.84,65.91,64.72,65.83,385.71
1557280800,1557284399,65.81,65.9,65.22,65.22,74.64
1557284400,1557287999,65.17,65.33,64.73,65.2,174.94
1557288000,1557291599,65.2,65.92,65.2,65.92,187.59
1557291600,1557295199,65.92,65.92,65.35,65.82,439.72
1557295200,1557298799,65.85,65.97,65.22,65.22,280.83
1557298800,1557302399,65.22,65.46,65.02,65.14,196.86
1557302400,1557305999,65.1,65.47,64.8,65.24,586.35
1557306000,1557309599,65.42,65.47,65.12,65.12,306.19
1557309600,1557313199,65.24,65.76,65.24,65.54,209.35
1557313200,1557316799,65.49,65.92,65.36,65.65,423.03
1557316800,1557320399,65.65,65.87,65.21,65.3,404.96
1557320400,1557323999,65.3,65.6,65.17,65.53,256.95
1557324000,1557327599,65.58,65.75,65,65.71,265.54
1557327600,1557331199,65.62,65.89,65.43,65.7,931.7
1557331200,1557334799,65.7,65.77,65.22,65.22,180.14
1557334800,1557338399,65.26,65.62,65.2,65.45,226.9
1557338400,1557341999,65.47,65.47,65.2,65.43,107.01
1557342000,1557345599,65.45,65.8,65.29,65.59,295.96
1557345600,1557349199,65.57,65.85,65.47,65.75,209.02
1557349200,1557352799,65.79,66.47,65.7,66.06,909.21
1557352800,1557356399,66.08,66.86,66.04,66.58,932.93
1557356400,1557359999,66.46,66.64,65.16,66,1039.47
1557360000,1557363599,66,66.88,65.72,66.55,885.95
1557363600,1557367199,66.71,67.27,66.14,67.16,1223.11
1557367200,1557370799,67.15,67.15,66.91,67.05,693.61
1557370800,1557374399,66.94,66.94,66.75,66.83,222.45
1557374400,1557377999,66.83,66.83,66.64,66.75,273.35
1557378000,1557381599,66.76,66.92,65.97,65.97,574.82
1557381600,1557385199,65.9,66.1,65.44,66.01,349.38
1557385200,1557388799,66.01,66.14,65.55,65.92,449.98
1557388800,1557392399,65.97,66.28,65.82,66.2,1450.91
1557392400,1557395999,66.15,66.15,65.79,65.9,1146.93
1557396000,1557399599,65.95,66.1,65.84,65.96,541.95
1557399600,1557403199,65.94,65.94,65.3,65.46,969.55
1557403200,1557406799,65.43,65.44,64.68,65.22,2471.94
1557406800,1557410399,65.23,65.75,64.91,65.54,971.59
1557410400,1557413999,65.53,65.55,65.03,65.25,427.3
1557414000,1557417599,65.25,65.26,64.86,64.92,461.98
1557417600,1557421199,64.96,65.48,64.95,65.39,776.89
1557421200,1557424799,65.33,65.33,64.74,64.76,545.18
1557424800,1557428399,64.75,64.78,64.39,64.71,895.48
1557428400,1557431999,64.71,65.04,64.7,64.81,690.94
1557432000,1557435599,64.82,65.12,64.6,65.12,524.71
1557435600,1557439199,65.13,66.1,65.13,65.62,943.26
1557439200,1557442799,65.65,65.73,65.24,65.53,318.34
1557442800,1557446399,65.58,66.08,65.39,65.65,157.88
1557446400,1557449999,65.8,65.92,64.85,64.85,562.44
1557450000,1557453599,64.85,65.14,64.61,64.61,723.83
1557453600,1557457199,64.94,65.22,64.65,64.71,337.91
1557457200,1557460799,65.01,65.53,64.86,65.14,315.34
1557460800,1557464399,65.05,69.31,64.99,68.84,4757.05
1557464400,1557467999,68.8,68.93,67.85,68.32,1357.72
1557468000,1557471599,68.31,68.55,67.97,68.48,1526.66
1557471600,1557475199,68.44,68.83,68.19,68.5,1334.06
1557475200,1557478799,68.5,68.69,67.05,67.45,2268.16
1557478800,1557482399,67.5,67.51,66.52,67.42,1445.04
1557482400,1557485999,67.49,67.84,67.32,67.32,623.59
1557486000,1557489599,67.34,68,67.17,67.6,589.88
1557489600,1557493199,67.63,67.64,67.24,67.37,568.83
1557493200,1557496799,67.38,67.46,67.03,67.08,437.89
1557496800,1557500399,67.08,67.21,66.47,66.67,974.71
1557500400,1557503999,66.79,67.54,66.7,67.54,470.94
1557504000,1557507599,67.53,68.1,67.45,67.8,502.7
1557507600,1557511199,67.77,68.49,67.39,68.4,2252
1557511200,1557514799,68.38,68.66,68.01,68.16,1464.73
1557514800,1557518399,68.15,68.41,67.94,68.3,269.1
1557518400,1557521999,68.36,70.4,67.42,68.26,6391.03
1557522000,1557525599,68.27,68.6,67.72,68.44,732.58
1557525600,1557529199,68.43,69.07,68.24,68.97,995.6
1557529200,1557532799,68.99,68.99,68.21,68.35,163.8
1557532800,1557536399,68.32,69.02,68.32,68.91,263.36
1557536400,1557539999,69.03,69.29,68.8,69.16,263.57
1557540000,1557543599,69.28,70.16,68.91,70,1034.98
1557543600,1557547199,69.86,70.29,69.48,69.92,487.59
1557547200,1557550799,69.94,70.25,68.71,69,1534.62
1557550800,1557554399,69,70.9,68.98,69.99,932.73
1557554400,1557557999,70.08,70.99,69.2,69.92,2944.57
1557558000,1557561599,70.05,70.7,69.84,70.3,2038.79
1557561600,1557565199,70.45,77.69,70.32,75.4,12442.51
1557565200,1557568799,75.55,76.4,74.92,76.35,4610.93
1557568800,1557572399,76.36,78.97,76.36,77.87,7866.1
1557572400,1557575999,77.77,78,75.88,76.55,3704.59
1557576000,1557579599,76.32,77.04,75.23,76.93,2920.8
1557579600,1557583199,76.9,77.5,76.8,77.02,1602.02
1557583200,1557586799,76.94,77.04,76.15,76.61,1107.3
1557586800,1557590399,76.68,79,76.52,79,2742.85
1557590400,1557593999,79,79.2,77.85,78.29,2639.97
1557594000,1557597599,78.37,80.98,78.34,80.83,5768.46
1557597600,1557601199,80.76,81.92,79.69,80.43,4903.68
1557601200,1557604799,80.43,80.43,78.04,78.33,4661.6
1557604800,1557608399,78.38,79.87,78.33,79.87,1202.95
1557608400,1557611999,79.74,81.2,79.18,81.2,2175.79
1557612000,1557615599,81.16,82.38,80.1,81.42,4948.91
1557615600,1557619199,81.41,84.34,74.46,77.67,9912.99
1557619200,1557622799,77.67,78.79,74,75.44,4221.46
1557622800,1557626399,75.41,78.99,75.41,78.75,2895.48
1557626400,1557629999,78.59,79.51,77.5,77.5,1898.31
1557630000,1557633599,77.53,78.47,77.52,78.45,411.95
1557633600,1557637199,78.55,80.89,78.55,80.33,812.8
1557637200,1557640799,80.31,82,80.31,81.6,1373.84
1557640800,1557644399,81.65,82.24,80.21,81.48,2490.98
1557644400,1557647999,81.18,83.95,81.18,82.56,4303.26
1557648000,1557651599,82.6,83.37,77.56,80.81,8679.7
1557651600,1557655199,80.93,82.17,79.6,80.15,2548.61
1557655200,1557658799,80.05,80.5,77.5,77.71,3135.88
1557658800,1557662399,77.94,79.29,76.2,77.92,5837.04
1557662400,1557665999,77.98,78.84,77.02,78.83,1237.37
1557666000,1557669599,78.78,79.48,77.52,77.76,1288.83
1557669600,1557673199,77.53,78.48,75.65,76.02,2450.29
1557673200,1557676799,76.02,76.45,72.5,73.26,6870.69
1557676800,1557680399,73.25,74.9,73,73.38,2194.05
1557680400,1557683999,73.12,75.07,73.1,74.7,1700.15
1557684000,1557687599,74.47,77.06,74.2,77,2082.47
1557687600,1557691199,77.05,77.14,76,76.55,1112.24
1557691200,1557694799,76.32,77.36,76.02,77.35,739.04
1557694800,1557698399,77.3,77.39,75.9,76.89,1131.14
1557698400,1557701999,76.88,76.89,74.85,75.55,1169.84
1557702000,1557705599,75.6,75.6,74.55,75.06,466.01
1557705600,1557709199,75.26,76.89,74.79,76.89,351.8
1557709200,1557712799,76.81,77.19,76.4,76.4,605.8
1557712800,1557716399,76.24,76.87,76.1,76.3,260.6
1557716400,1557719999,76.34,76.48,75.96,76.28,84.68
1557720000,1557723599,76.41,77.22,76.28,77.17,386.9
1557723600,1557727199,77.32,77.51,76.4,76.5,691.48
1557727200,1557730799,76.45,76.92,76.4,76.66,964.46
1557730800,1557734399,76.75,76.75,75.25,75.35,1170.95
1557734400,1557737999,75.36,76.23,75.33,75.79,682.85
1557738000,1557741599,75.78,76.9,75.7,76.56,1427.59
1557741600,1557745199,76.61,76.8,76.02,76.8,450.46
1557745200,1557748799,76.86,78.47,76.45,77.62,2080.26
1557748800,1557752399,77.77,78.35,77.34,78.07,1242.09
1557752400,1557755999,78.06,78.85,77.54,78.05,1799.72
1557756000,1557759599,78,79.57,77.53,79.08,2795.44
1557759600,1557763199,79.22,82.49,78.84,81.21,10444.58
1557763200,1557766799,81.2,83.1,79.97,81.44,8201.25
1557766800,1557770399,81.36,81.75,78.99,79.29,3569.91
1557770400,1557773999,79.29,80.71,79.29,80.29,2935.7
1557774000,1557777599,80.28,80.69,79.83,80.31,1742.39
1557777600,1557781199,80.13,80.23,79.3,79.83,1513.1
1557781200,1557784799,79.89,81.26,79.8,80.55,4573.07
1557784800,1557788399,80.59,81.21,78.51,78.79,2581.93
1557788400,1557791999,78.76,78.89,76.92,78.2,4555.59
1557792000,1557795599,78.05,78.89,77.79,78.5,415.69
1557795600,1557799199,78.55,79.5,78.55,79.15,802.67
1557799200,1557802799,79.1,81.7,78.91,80.84,1409.41
1557802800,1557806399,80.98,82.28,80.09,81.47,1912.62
1557806400,1557809999,81.51,82,80.7,81.98,1428.86
1557810000,1557813599,81.99,83.8,79.52,80.78,6496.42
1557813600,1557817199,81,82.01,80.75,81.83,1837.82
1557817200,1557820799,81.9,83.32,81.6,83.32,4523.91
1557820800,1557824399,83.32,83.43,79.7,80.35,5627.81
1557824400,1557827999,80.23,81.42,80.11,80.64,1548.3
1557828000,1557831599,80.57,80.97,79.68,80.67,1973.15
1557831600,1557835199,80.77,81.29,80.04,80.41,1375.7
1557835200,1557838799,80.31,81.6,80.3,81.02,1276.91
1557838800,1557842399,81.15,81.25,80.47,81.02,976.94
1557842400,1557845999,80.86,82,79.86,80.69,3252.7
1557846000,1557849599,80.69,80.87,78.81,78.85,3282.03
1557849600,1557853199,78.9,80.58,77.05,80.37,5581.76
1557853200,1557856799,80.37,80.68,79.63,80.45,1231.3
1557856800,1557860399,80.45,80.45,78.82,78.98,2172.88
1557860400,1557863999,79.05,79.64,77.94,79.02,2419.89
1557864000,1557867599,79.2,79.75,78.17,78.61,1752.09
1557867600,1557871199,78.54,79.74,78.22,79.29,919.56
1557871200,1557874799,79.42,80.8,79.41,80.5,1862.04
1557874800,1557878399,80.4,82,80.4,81.6,1427.13
1557878400,1557881999,81.59,82.59,81.19,81.75,2926.96
1557882000,1557885599,81.99,82.67,81.59,81.81,587.93
1557885600,1557889199,81.81,82.08,80.92,82.08,537.35
1557889200,1557892799,82.12,85.3,81.66,85.3,3635.39
1557892800,1557896399,85.26,85.4,82.78,83.32,2220.37
1557896400,1557899999,83.35,84.58,83.2,84.08,1769.53
1557900000,1557903599,84.38,84.55,83.3,83.54,1869.36
1557903600,1557907199,83.63,84,81.4,82.17,4598.93
1557907200,1557910799,82.36,83.1,81.88,82.12,1865.91
1557910800,1557914399,82.04,84.42,82.04,84.2,1568.28
1557914400,1557917999,84.07,84.79,83.23,83.23,2649.05
1557918000,1557921599,83.34,83.69,82.62,82.77,2322.25
1557921600,1557925199,82.93,83.4,82.14,82.87,1396.44
1557925200,1557928799,83.06,83.82,81.75,83.78,2496.6
1557928800,1557932399,83.58,84.42,82.59,83.1,1606.55
1557932400,1557935999,82.97,84.99,82.8,84.99,2103.92
1557936000,1557939599,84.89,92,83.75,90.45,22436.81
1557939600,1557943199,90.55,93,89.98,90.02,11164.27
1557943200,1557946799,90.02,91.75,89.86,90.3,4427.01
1557946800,1557950399,90.28,91.66,89.64,91.52,3214.67
1557950400,1557953999,91.54,92,89.47,89.83,3621.45
1557954000,1557957599,89.78,91.28,89.38,90.43,1761.1
1557957600,1557961199,90.48,92.46,90.39,92.23,2091.04
1557961200,1557964799,92.09,93.03,91.3,91.33,2283.23
1557964800,1557968399,91.15,95,90.54,93.84,3473.08
1557968400,1557971999,93.82,95,93.1,94.79,2035.98
1557972000,1557975599,94.75,95.6,93.86,95.18,2305.5
1557975600,1557979199,94.92,95.08,92.32,93.08,1957.08
1557979200,1557982799,93.09,93.42,86.17,88.38,7255.15
1557982800,1557986399,88.59,90.44,88.52,88.62,4444.61
1557986400,1557989999,88.6,91.3,88.4,90.93,2249.78
1557990000,1557993599,90.94,91.1,89,89.12,2227.7
1557993600,1557997199,89.19,89.86,88,88,2629.03
1557997200,1558000799,88.06,89.37,85.81,86.41,4422.81
1558000800,1558004399,86.47,86.96,81.24,83.74,17280.13
1558004400,1558007999,83.71,85.25,83.33,83.77,4098.8
1558008000,1558011599,83.6,85.03,82.17,82.87,2572.23
1558011600,1558015199,82.91,84.46,82.72,84.4,1906.7
1558015200,1558018799,84.49,87.5,84.35,87.12,4008.24
1558018800,1558022399,87.21,89.96,86.58,89.96,2957.75
1558022400,1558025999,89.88,91,86.1,86.8,6284.74
1558026000,1558029599,86.77,87.37,84.25,85.56,3327.31
1558029600,1558033199,85.63,87,85,85.5,1702.18
1558033200,1558036799,85.81,85.93,84.61,84.88,1929.34
1558036800,1558040399,84.97,85.7,83.45,83.45,2180.33
1558040400,1558043999,83.45,86.9,83,86.37,3067.86
1558044000,1558047599,86.37,86.78,84.7,84.7,890.67704132
1558047600,1558051199,84.68,85.83,84.64,85.64,757.16835544
1558051200,1558054799,85.45,87.36,85.4,85.8,1058.37251177
1558054800,1558058399,85.75,85.75,83.06,83.81,1270.31951933
1558058400,1558061999,83.59,84.18,79.57,79.98,3925.3276546
1558062000,1558065599,79.7,81.96,75.28,80.03,11385.62498685
1558065600,1558069199,80.17,81.39,78.01,79.1,2380.66573747
1558069200,1558072799,79.47,80.12,77.72,78.0,2494.38896582
1558072800,1558076399,77.99,78.89,76.0,76.64,5785.1729129
1558076400,1558079999,76.58,78.98,76.34,78.66,5561.88660612
1558080000,1558083599,78.7,79.5,77.78,79.16,2574.99696972
1558083600,1558087199,79.14,79.74,78.1,79.67,1228.92248899
1558087200,1558090799,79.46,79.47,77.5,78.6,1455.57081946
1558090800,1558094399,78.6,78.74,76.22,78.16,1643.27755571
1558094400,1558097999,78.16,78.46,75.32,78.05,3474.44149508
1558098000,1558101599,78.32,78.88,77.54,78.4,1128.43793774
1558101600,1558105199,78.39,79.45,78.0,78.0,1249.67439296
1558105200,1558108799,78.04,78.3,77.0,77.02,556.38574176
1558108800,1558112399,76.99,78.73,75.8,76.77,2724.70716614
1558112400,1558115999,77.2,77.41,75.72,76.03,1027.89339673
1558116000,1558119599,76.25,77.2,75.8,77.17,1150.96002909
1558119600,1558123199,77.07,77.69,76.6,77.69,845.63098521
1558123200,1558126799,77.57,78.52,77.27,77.94,1854.91683869
1558126800,1558130399,77.88,79.4,77.88,79.32,1230.16070668
1558130400,1558133999,79.39,80.56,78.53,78.68,1987.89673374
1558134000,1558137599,78.65,81.08,78.58,80.57,1156.66250796
1558137600,1558141199,80.59,81.35,79.25,79.55,977.57087829
1558141200,1558144799,79.39,80.05,79.18,79.21,301.66175982
1558144800,1558148399,79.2,79.81,78.13,78.69,404.04388739
1558148400,1558151999,78.72,79.85,78.72,79.75,192.29928326
1558152000,1558155599,79.83,80.35,78.89,79.66,412.00185769
1558155600,1558159199,79.78,80.62,79.44,80.0,1166.50046987
1558159200,1558162799,80.0,80.18,79.52,79.64,1369.33946223
1558162800,1558166399,79.56,79.93,77.59,77.93,1182.54599254
1558166400,1558169999,77.89,78.87,77.89,78.13,630.99397051
1558170000,1558173599,78.16,78.22,76.81,77.57,1839.3902493
1558173600,1558177199,77.64,78.82,77.49,78.12,617.00825637
1558177200,1558180799,78.19,78.82,78.19,78.52,473.16558069
1558180800,1558184399,78.56,78.82,78.19,78.2,322.26666732
1558184400,1558187999,78.21,79.1,77.9,79.02,427.91875288
1558188000,1558191599,79.01,79.55,78.77,79.32,778.94622014
1558191600,1558195199,79.14,79.81,79.1,79.35,797.77313486
1558195200,1558198799,79.19,79.78,78.83,79.08,895.75486455
1558198800,1558202399,78.99,78.99,78.14,78.7,1637.0981803
1558202400,1558205999,78.68,78.68,77.97,78.4,415.90814809
1558206000,1558209599,78.4,78.89,78.4,78.51,651.46737207
1558209600,1558213199,78.51,78.51,78.01,78.29,532.41652645
1558213200,1558216799,78.52,79.21,78.36,79.07,131.58002822
1558216800,1558220399,79.02,79.1,78.43,78.63,129.76592505
1558220400,1558223999,78.51,78.51,77.8,77.86,759.98202019
1558224000,1558227599,77.89,78.34,77.5,78.09,310.13666243
1558227600,1558231199,78.12,80.59,78.12,80.53,1151.45580028
1558231200,1558234799,80.58,81.93,80.58,81.03,956.21609757
1558234800,1558238399,80.83,82.99,80.83,82.43,1352.62216979
1558238400,1558241999,82.47,83.46,82.27,83.39,1584.61660293
1558242000,1558245599,83.3,83.97,82.7,83.21,2300.12938108
1558245600,1558249199,83.05,83.39,82.75,82.92,976.57695626
1558249200,1558252799,82.81,85.0,82.75,84.52,3423.19973277
1558252800,1558256399,84.69,84.75,83.78,84.09,1408.50232023
1558256400,1558259999,84.09,85.5,83.86,85.33,1532.98850904
1558260000,1558263599,85.4,85.88,84.79,85.23,2264.47368398
1558263600,1558267199,85.23,85.25,83.82,84.07,1619.95456718
1558267200,1558270799,84.06,84.36,82.46,83.67,2005.98913412
1558270800,1558274399,83.44,83.81,82.8,83.0,1466.44612666
1558274400,1558277999,82.86,83.75,82.86,83.75,1034.90168972
1558278000,1558281599,83.56,83.82,83.12,83.8,346.19790343
1558281600,1558285199,83.8,84.2,83.02,83.46,452.12542893
1558285200,1558288799,83.47,85.9,83.47,85.32,2536.05176789
1558288800,1558292399,85.17,85.5,85.02,85.44,406.35866739
1558292400,1558295999,85.45,86.09,85.0,85.0,848.88587126
1558296000,1558299599,85.02,85.02,84.37,84.95,623.98921262
1558299600,1558303199,84.98,85.65,84.83,85.41,1065.12999574
1558303200,1558306799,85.33,86.26,84.7,85.95,1211.39677302
1558306800,1558310399,86.02,87.09,85.13,85.24,1708.57512128
1558310400,1558313999,85.2,85.2,81.0,82.24,5971.37156703
1558314000,1558317599,82.13,82.93,81.52,82.93,774.85320949
1558317600,1558321199,82.77,82.77,81.64,81.67,275.19838508
1558321200,1558324799,81.65,83.37,81.65,83.1,769.10498261
1558324800,1558328399,82.86,83.63,82.78,82.82,916.39362562
1558328400,1558331999,82.8,82.88,82.39,82.61,405.58858474
1558332000,1558335599,82.52,82.7,81.52,81.74,1086.54852336
1558335600,1558339199,81.74,82.7,81.35,81.61,1354.60794579
1558339200,1558342799,81.69,82.07,81.08,81.72,769.72920246
1558342800,1558346399,81.73,82.69,81.32,82.49,1047.99623404
1558346400,1558349999,82.52,82.84,82.1,82.3,338.05207941
1558350000,1558353599,82.23,82.44,81.6,81.78,925.35889421
1558353600,1558357199,81.83,82.29,80.0,80.32,2380.49160003
1558357200,1558360799,80.3,80.46,78.47,79.94,4595.25742503
1558360800,1558364399,79.94,80.8,79.8,80.64,1132.27024597
1558364400,1558367999,80.83,81.24,80.36,81.09,918.33805311
1558368000,1558371599,81.09,81.26,80.5,80.77,1003.18903971
1558371600,1558375199,80.81,81.35,80.42,80.42,677.98197016
1558375200,1558378799,80.44,80.63,79.37,79.82,632.19668644
1558378800,1558382399,79.82,81.77,79.82,81.57,1273.63097023
1558382400,1558385999,81.57,83.0,81.5,83.0,966.43759279
1558386000,1558389599,82.94,83.4,81.9,82.24,2590.00238734
1558389600,1558393199,82.29,82.91,81.38,81.38,425.13296294
1558393200,1558396799,81.58,82.26,81.5,82.13,191.29915865
1558396800,1558400399,82.21,82.67,81.83,82.07,213.05111595
1558400400,1558403999,82.07,82.74,82.07,82.15,641.8443959
1558404000,1558407599,82.04,82.04,81.44,81.67,211.45884226
1558407600,1558411199,81.78,82.03,81.0,81.0,718.473704
1558411200,1558414799,81.0,81.12,80.31,80.72,1827.23201625
1558414800,1558418399,80.77,81.48,80.28,81.48,383.70676553
1558418400,1558421999,81.25,81.92,81.0,81.92,599.61827969
1558422000,1558425599,81.98,82.6,81.67,81.8,762.15910558
1558425600,1558429199,81.8,82.34,81.44,81.98,335.48617767
1558429200,1558432799,82.03,83.05,82.03,82.21,980.17804301
1558432800,1558436399,82.24,82.24,81.45,81.87,249.00966776
1558436400,1558439999,81.89,82.13,80.61,81.3,941.05184192
1558440000,1558443599,81.35,81.64,80.72,81.5,547.92438858
1558443600,1558447199,81.45,84.06,81.2,81.99,2257.87810052
1558447200,1558450799,81.97,82.01,81.27,81.92,651.73618616
1558450800,1558454399,81.91,82.16,81.6,81.85,601.210133
1558454400,1558457999,81.85,82.34,81.61,82.27,262.72372175
1558458000,1558461599,82.19,82.86,82.19,82.75,1041.92909951
1558461600,1558465199,82.75,83.23,82.41,82.89,2133.78201053
1558465200,1558468799,82.89,82.93,82.32,82.49,451.59157051
1558468800,1558472399,82.53,83.31,82.34,83.22,951.97846963
1558472400,1558475999,83.22,83.31,82.2,82.2,834.27500249
1558476000,1558479599,82.15,82.29,81.62,82.17,772.60738479
1558479600,1558483199,82.19,82.38,81.78,81.78,228.6205791
1558483200,1558486799,81.73,82.88,81.73,82.88,129.98213695
1558486800,1558490399,82.38,82.52,81.92,81.92,30.09428577
1558490400,1558493999,82.08,82.1,81.9,82.06,155.13779061
1558494000,1558497599,81.84,82.21,81.84,81.94,123.12818621
1558497600,1558501199,81.77,82.32,81.08,82.08,501.10425584
1558501200,1558504799,82.08,82.36,81.92,82.27,109.77208704
1558504800,1558508399,82.2,82.7,82.2,82.7,525.31380414
1558508400,1558511999,82.7,82.7,82.06,82.28,453.63306677
1558512000,1558515599,82.3,82.43,81.77,81.91,647.11646848
1558515600,1558519199,81.84,82.16,81.36,81.41,934.65929094
1558519200,1558522799,81.38,81.78,80.98,81.21,541.94633404
1558522800,1558526399,81.22,81.3,80.25,80.64,1197.38484539
1558526400,1558529999,80.72,81.23,80.64,80.76,464.38106439
1558530000,1558533599,80.76,81.37,80.6,81.28,270.43963343
1558533600,1558537199,81.29,81.44,81.01,81.24,219.71741415
1558537200,1558540799,81.25,82.79,81.01,82.0,1850.08711021
1558540800,1558544399,82.1,82.1,81.36,81.37,435.22079795
1558544400,1558547999,81.38,81.84,80.88,81.37,273.03997061
1558548000,1558551599,81.32,81.44,81.03,81.26,165.77073383
1558551600,1558555199,81.23,81.48,81.09,81.44,755.29613522
1558555200,1558558799,81.28,82.59,77.06,80.14,15616.03584537
1558558800,1558562399,80.17,80.23,78.15,78.77,2831.42982479
1558562400,1558565999,78.78,79.75,77.58,79.74,1741.09667908
1558566000,1558569599,79.7,79.89,78.45,78.45,966.06270035
1558569600,1558573199,78.49,79.17,77.81,79.17,851.3956191
1558573200,1558576799,79.06,79.06,78.39,78.48,145.38285632
1558576800,1558580399,78.67,79.17,78.67,78.92,102.66974645
1558580400,1558583999,78.86,78.86,78.22,78.52,437.94347568
1558584000,1558587599,78.63,78.81,78.4,78.62,229.29874461
1558587600,1558591199,78.58,78.63,77.35,77.92,796.48799129
1558591200,1558594799,77.97,78.01,76.78,77.94,2564.31199833
1558594800,1558598399,78.01,78.29,77.35,77.35,606.3219521
1558598400,1558601999,77.22,77.51,76.62,77.0,2872.73797481
1558602000,1558605599,76.93,77.85,76.26,77.84,2218.24278985
1558605600,1558609199,77.82,78.56,77.69,78.39,968.17910691
1558609200,1558612799,78.38,78.55,77.76,77.76,1261.15886865
1558612800,1558616399,77.83,78.41,77.5,78.41,527.20181215
1558616400,1558619999,78.43,78.89,78.3,78.82,516.49170308
1558620000,1558623599,78.82,79.58,78.71,79.36,1295.4547919
1558623600,1558627199,79.48,79.76,78.92,79.12,508.88858506
1558627200,1558630799,79.04,79.69,79.04,79.17,348.94265696
1558630800,1558634399,79.23,79.63,78.61,79.12,790.20235062
1558634400,1558637999,79.04,79.09,78.56,78.85,362.83792503
1558638000,1558641599,78.81,78.93,78.5,78.93,125.9441587
1558641600,1558645199,78.93,79.38,78.72,79.26,343.41548068
1558645200,1558648799,79.22,79.99,78.95,79.76,469.55833033
1558648800,1558652399,79.75,80.29,79.7,79.89,1094.0610581
1558652400,1558655999,79.96,80.2,79.55,79.55,451.05136823
1558656000,1558659599,79.5,79.8,79.49,79.67,101.98526443
1558659600,1558663199,79.72,80.3,79.72,79.8,216.20006867
1558663200,1558666799,79.91,79.91,79.5,79.59,55.31263161
1558666800,1558670399,79.5,79.94,79.49,79.79,55.6474173
1558670400,1558673999,79.93,80.09,79.5,79.56,541.27733994
1558674000,1558677599,79.59,79.67,79.21,79.41,269.49933906
1558677600,1558681199,79.42,82.78,79.42,82.78,2768.48138043
1558681200,1558684799,82.79,85.32,82.75,84.57,6888.62200869
1558684800,1558688399,84.57,85.95,84.44,85.21,3797.15623535
1558688400,1558691999,85.21,85.8,84.57,84.83,1497.20279705
1558692000,1558695599,84.83,87.0,84.83,86.94,3703.58087735
1558695600,1558699199,87.0,89.98,86.99,89.0,7701.17626064
1558699200,1558702799,89.11,89.45,87.54,89.06,4671.35290388
1558702800,1558706399,89.07,89.27,87.21,88.33,2827.21705428
1558706400,1558709999,88.36,90.62,87.79,90.0,2662.00576664
1558710000,1558713599,90.03,90.53,88.9,89.22,2478.54523851
1558713600,1558717199,89.28,92.55,89.15,90.27,7343.0259766
1558717200,1558720799,90.59,91.2,89.21,89.86,3524.20272814
1558720800,1558724399,89.86,90.95,89.6,90.27,900.42529925
1558724400,1558727999,90.26,90.3,87.39,89.6,2511.61542808
1558728000,1558731599,89.59,91.5,89.57,91.5,2818.68971429
1558731600,1558735199,91.5,91.78,89.76,90.38,1682.77187114
1558735200,1558738799,90.38,90.5,89.38,89.55,819.45459909
1558738800,1558742399,89.55,89.55,87.78,89.5,1017.85111769
1558742400,1558745999,89.49,90.2,89.11,89.44,316.6492338
1558746000,1558749599,89.28,90.2,88.54,90.2,260.56781919
1558749600,1558753199,90.39,91.8,90.02,91.8,614.49520527
1558753200,1558756799,91.8,93.3,91.66,92.11,1444.5467867
1558756800,1558760399,92.23,93.3,92.13,92.62,723.65913742
1558760400,1558763999,92.5,92.5,90.43,90.81,3380.15456122
1558764000,1558767599,90.81,91.52,89.92,90.29,1434.25076816
1558767600,1558771199,90.77,92.79,90.26,91.79,2774.78036679
1558771200,1558774799,91.77,92.54,90.99,92.26,1686.58983187
1558774800,1558778399,92.25,93.01,90.88,92.86,2188.82310255
1558778400,1558781999,92.76,93.12,91.86,92.06,580.840449
1558782000,1558785599,92.3,92.6,91.73,92.27,682.72247319
1558785600,1558789199,92.29,92.33,91.53,91.99,619.64070946
1558789200,1558792799,91.99,92.14,89.59,90.26,1676.88230747
1558792800,1558796399,90.29,91.28,89.69,91.28,1201.31379084
1558796400,1558799999,91.2,91.82,90.85,91.24,1355.47080782
1558800000,1558803599,91.27,91.73,90.05,90.72,1012.24103829
1558803600,1558807199,90.78,90.94,90.42,90.83,504.03464392
1558807200,1558810799,90.82,91.61,90.31,90.31,600.94663984
1558810800,1558814399,90.4,90.91,90.13,90.44,696.99111562
1558814400,1558817999,90.5,91.07,90.3,90.37,611.61369723
1558818000,1558821599,90.38,90.98,90.29,90.97,202.3616375
1558821600,1558825199,91.0,92.24,90.93,92.04,968.39337951
1558825200,1558828799,92.06,92.29,91.16,91.93,280.44560522
1558828800,1558832399,91.99,92.86,91.99,92.65,492.41902454
1558832400,1558835999,92.56,92.75,91.65,92.15,319.91044
1558836000,1558839599,92.14,92.49,90.67,91.03,187.02286401
1558839600,1558843199,91.16,91.43,90.75,90.82,209.08947566
1558843200,1558846799,90.82,91.4,90.42,91.33,49.63125468
1558846800,1558850399,91.29,91.33,89.54,89.98,553.51574231
1558850400,1558853999,90.25,90.56,89.67,90.25,258.48625358
1558854000,1558857599,90.24,91.33,90.07,91.13,494.97133676
1558857600,1558861199,91.13,91.32,90.71,91.32,663.84907169
1558861200,1558864799,91.4,91.83,91.12,91.12,474.90698903
1558864800,1558868399,91.0,91.0,90.0,90.66,1452.98602603
1558868400,1558871999,90.64,90.65,88.9,89.76,1626.20094297
1558872000,1558875599,89.75,90.39,89.15,90.1,846.46890531
1558875600,1558879199,90.16,90.97,89.55,90.95,264.42479516
1558879200,1558882799,90.95,91.0,90.49,90.58,643.27202977
1558882800,1558886399,90.55,90.55,89.65,90.32,482.33407246
1558886400,1558889999,90.32,90.62,89.89,90.62,291.45456307
1558890000,1558893599,90.65,90.79,90.39,90.4,180.06935084
1558893600,1558897199,90.38,90.8,90.15,90.63,234.77376624
1558897200,1558900799,90.71,95.17,90.66,94.24,12452.33281095
1558900800,1558904399,94.25,97.04,94.24,96.7,10051.84590858
1558904400,1558907999,96.84,102.0,96.3,99.94,10893.94349947
1558908000,1558911599,99.95,101.24,98.13,98.42,2876.46888537
1558911600,1558915199,98.49,100.5,98.3,99.98,1564.28663112
1558915200,1558918799,99.98,101.49,99.98,100.79,1458.08909091
1558918800,1558922399,100.75,101.01,99.04,99.71,776.43005065
1558922400,1558925999,99.59,100.45,99.3,100.36,324.01178735
1558926000,1558929599,100.63,102.94,100.47,101.58,1453.08775825
1558929600,1558933199,101.51,101.88,99.21,100.33,3351.94058645
1558933200,1558936799,100.33,101.66,99.51,101.19,1280.20504299
1558936800,1558940399,101.06,102.88,100.17,102.38,2644.28031065
1558940400,1558943999,102.38,103.64,101.45,101.9,2831.84925031
1558944000,1558947599,101.9,101.99,100.7,101.62,2508.92677326
1558947600,1558951199,101.6,102.48,101.52,102.43,1609.54664762
1558951200,1558954799,102.28,102.48,101.31,102.27,986.15661768
1558954800,1558958399,102.43,102.43,101.02,101.81,1791.78613296
1558958400,1558961999,101.92,103.8,101.92,103.8,2931.39349678
1558962000,1558965599,103.8,104.74,102.82,103.42,2578.19807422
1558965600,1558969199,103.48,103.65,102.5,103.13,1593.91427224
1558969200,1558972799,103.13,105.68,103.12,104.9,4257.25613995
1558972800,1558976399,105.08,109.0,99.31,101.45,22315.47930412
1558976400,1558979999,101.1,102.87,100.66,101.6,6188.06879014
1558980000,1558983599,101.56,104.09,101.3,103.98,3775.06631886
1558983600,1558987199,103.98,104.11,103.28,103.97,2130.81601705
1558987200,1558990799,103.98,104.29,101.9,102.36,3808.39817092
1558990800,1558994399,102.45,103.88,101.85,103.88,2101.61211875
1558994400,1558997999,103.82,104.02,102.85,104.02,1155.85775169
1558998000,1559001599,104.03,106.87,103.42,104.23,3890.51654
1559001600,1559005199,104.32,105.58,102.54,103.68,1626.67731675
1559005200,1559008799,103.66,104.96,103.19,104.17,551.54381017
1559008800,1559012399,104.26,104.86,103.84,104.06,607.63658894
1559012400,1559015999,103.89,104.08,103.36,103.72,376.99951565
1559016000,1559019599,103.99,104.89,103.75,103.81,2612.64534829
1559019600,1559023199,103.9,104.27,101.75,102.44,2753.00851278
1559023200,1559026799,102.51,102.65,101.05,101.28,2026.80417893
1559026800,1559030399,101.65,102.65,101.15,102.44,1590.7165216
1559030400,1559033999,102.44,103.06,101.5,102.42,1268.12747345
1559034000,1559037599,102.51,103.18,101.95,102.48,1238.49147806
1559037600,1559041199,102.47,102.47,101.5,101.98,1414.75065288
1559041200,1559044799,101.96,103.06,101.91,103.06,1089.41094621
1559044800,1559048399,103.02,103.55,101.8,101.99,1448.44732578
1559048400,1559051999,101.98,102.49,99.34,101.35,3232.99725337
1559052000,1559055599,101.39,102.8,101.03,102.74,1306.66758673
1559055600,1559059199,102.69,102.86,102.1,102.51,686.50505363
1559059200,1559062799,102.38,102.38,101.3,102.07,1002.5868245
1559062800,1559066399,102.05,104.23,101.9,103.48,2658.41209902
1559066400,1559069999,103.43,103.55,102.86,103.25,1936.34522376
1559070000,1559073599,103.22,103.53,102.55,103.08,1392.4684465
1559073600,1559077199,103.09,103.49,103.01,103.22,489.47466317
1559077200,1559080799,103.25,103.25,102.89,103.1,350.35749816
1559080800,1559084399,103.11,103.4,102.67,102.94,423.1492631
1559084400,1559087999,103.0,103.0,102.62,102.99,270.79286642
1559088000,1559091599,102.85,102.87,101.67,101.76,561.94615143
1559091600,1559095199,101.9,102.32,101.37,101.37,205.98720484
1559095200,1559098799,101.35,101.35,100.33,101.26,601.33042226
1559098800,1559102399,101.23,101.69,101.07,101.65,124.41255649
1559102400,1559105999,101.56,101.56,100.44,101.03,479.84577867
1559106000,1559109599,101.02,101.08,97.28,98.98,5425.81277631
1559109600,1559113199,98.82,100.11,98.72,99.95,2220.0854682
1559113200,1559116799,99.8,100.97,99.8,100.42,664.94744257
1559116800,1559120399,100.37,102.34,100.22,102.29,1787.24945144
1559120400,1559123999,102.12,102.37,101.5,102.35,1226.23122617
1559124000,1559127599,102.35,103.53,102.15,103.38,2012.55672504
1559127600,1559131199,103.3,103.38,102.39,102.63,838.16390428
1559131200,1559134799,102.6,103.89,102.6,103.83,1203.58548818
1559134800,1559138399,103.75,106.0,103.33,105.74,2442.36443499
1559138400,1559141999,105.62,106.45,104.55,104.93,2692.58436863
1559142000,1559145599,104.93,105.95,104.9,105.33,933.88977725
1559145600,1559149199,105.49,105.76,104.5,105.76,1138.30069577
1559149200,1559152799,105.69,105.92,104.99,105.15,2311.37374286
1559152800,1559156399,105.26,105.55,104.81,105.47,1729.56986977
1559156400,1559159999,105.47,105.92,105.36,105.58,1050.00800872
1559160000,1559163599,105.5,105.89,104.0,104.43,1367.21366445
1559163600,1559167199,104.44,105.0,104.1,104.4,766.26348008
1559167200,1559170799,104.36,104.87,104.17,104.17,999.24532262
1559170800,1559174399,104.4,104.49,102.57,103.5,935.85608616
1559174400,1559177999,103.51,105.5,101.93,105.5,1032.34429023
1559178000,1559181599,105.5,106.0,102.55,103.3,753.26059826
1559181600,1559185199,103.22,103.53,102.64,103.23,268.61749622
1559185200,1559188799,103.55,105.5,103.5,105.07,862.81622993
1559188800,1559192399,105.0,106.08,104.8,105.32,1437.76451025
1559192400,1559195999,105.42,106.9,104.61,105.22,1606.22147807
1559196000,1559199599,105.24,105.93,105.0,105.5,865.88806586
1559199600,1559203199,105.5,105.73,105.29,105.44,588.87123384
1559203200,1559206799,105.43,105.44,103.91,104.8,1584.49614761
1559206800,1559210399,104.8,105.29,104.22,105.22,693.09994302
1559210400,1559213999,105.2,105.9,105,105.18,1417.83966384
1559214000,1559217599,105.02,105.65,105,105.0,752.45978156
1559217600,1559221199,105.09,105.26,104.54,104.91,892.22855087
1559221200,1559224799,104.92,105.93,104.85,105.02,887.10525124
1559224800,1559228399,105.08,105.82,104.96,105.34,773.2314936
1559228400,1559231999,105.29,107.55,105.26,107.48,2934.10023238
1559232000,1559235599,107.45,108.5,102.6,103.0,9492.72737353
1559235600,1559239199,102.99,103.07,98.0,101.9,10726.15524018
1559239200,1559242799,101.62,103.0,100.6,102.91,1941.21430736
1559242800,1559246399,103.0,103.5,101.65,102.23,2199.47957144
1559246400,1559249999,102.23,103.56,98.5,100.0,6223.00958372
1559250000,1559253599,100.01,101.11,92.0,96.16,11716.72187788
1559253600,1559257199,96.0,98.2,94.73,96.9,4747.19028527
1559257200,1559260799,96.9,97.89,95.07,97.41,1258.6356956
1559260800,1559264399,97.27,98.5,97.1,97.92,781.96109299
1559264400,1559267999,98.01,98.48,97.63,97.63,233.76845569
1559268000,1559271599,97.56,98.21,97.06,97.06,187.86000667
1559271600,1559275199,97.0,97.17,95.96,96.89,515.58716501
1559275200,1559278799,96.73,96.86,94.41,94.76,1194.09846056
1559278800,1559282399,94.76,96.39,94.12,96.02,1042.0574694
1559282400,1559285999,96.11,97.23,96.0,96.52,1808.17453815
1559286000,1559289599,96.52,96.64,95.34,96.55,1338.74871777
1559289600,1559293199,96.68,97.23,95.5,95.72,1681.68252505
1559293200,1559296799,95.68,96.46,95.32,96.07,1394.15920925
1559296800,1559300399,96.15,97.8,96.03,97.47,1095.94640472
1559300400,1559303999,97.64,97.79,96.4,96.82,1241.92441363
1559304000,1559307599,96.85,98.5,96.65,98.42,1066.63763448
1559307600,1559311199,98.42,100.0,98.42,98.75,3165.43878462
1559311200,1559314799,98.83,100.45,98.32,99.65,2529.14295055
1559314800,1559318399,99.82,100.04,97.43,97.85,1428.4351239
1559318400,1559321999,98.15,99.29,96.61,98.28,1235.91392727
1559322000,1559325599,98.25,99.18,97.97,98.72,734.19999544
1559325600,1559329199,98.85,99.48,98.59,98.63,280.37146618
1559329200,1559332799,98.66,99.08,98.62,98.98,313.14565696
1559332800,1559336399,99.19,100.0,98.98,99.8,601.96434543
1559336400,1559339999,100.0,101.31,100.0,101.02,1798.81522393
1559340000,1559343599,101.02,101.68,100.18,101.22,992.22119744
1559343600,1559347199,101.59,102.8,101.07,102.62,1361.35085785
1559347200,1559350799,102.98,104.14,101.81,103.97,1147.81032984
1559350800,1559354399,104.02,104.16,102.52,103.15,283.79936965
1559354400,1559357999,103.06,103.07,102.38,102.95,161.28160749
1559358000,1559361599,103.02,103.56,102.99,103.18,394.93397438
1559361600,1559365199,102.99,103.0,102.31,102.45,255.08677672
1559365200,1559368799,102.39,102.66,100.35,100.58,818.5620781
1559368800,1559372399,100.6,101.55,99.76,101.27,1093.2634466
1559372400,1559375999,101.46,102.36,101.16,102.31,648.45661926
1559376000,1559379599,102.31,102.64,101.44,102.52,878.75278032
1559379600,1559383199,102.43,103.23,102.2,102.21,1361.90610246
1559383200,1559386799,102.2,102.45,101.9,101.91,354.89001806
1559386800,1559390399,101.9,102.32,101.53,102.05,297.94815512
1559390400,1559393999,102.01,102.45,101.86,101.87,320.82712024
1559394000,1559397599,101.86,101.9,101.4,101.42,599.61423603
1559397600,1559401199,101.41,101.68,99.7,100.63,1304.0564392
1559401200,1559404799,100.63,101.15,100.5,101.13,683.91934299
1559404800,1559408399,101.12,101.86,101.12,101.69,486.35824724
1559408400,1559411999,101.54,101.78,100.73,100.87,805.58184842
1559412000,1559415599,101.03,101.32,100.71,100.71,219.53973997
1559415600,1559419199,100.71,100.99,100.0,100.54,298.60840853
1559419200,1559422799,100.67,101.33,100.62,101.01,498.63621753
1559422800,1559426399,101.09,102.34,101.09,101.78,764.8072244
1559426400,1559429999,101.54,102.36,100.64,102.36,341.04397304
1559430000,1559433599,102.36,102.48,99.93,100.71,636.20150956
1559433600,1559437199,100.9,101.68,100.9,101.33,56.68611891
1559437200,1559440799,101.41,101.8,101.23,101.23,68.28592553
1559440800,1559444399,101.28,101.28,100.46,100.93,62.31043617
1559444400,1559447999,100.83,100.83,100.36,100.64,123.68899111
1559448000,1559451599,100.62,101.12,100.54,101.12,79.03660629
1559451600,1559455199,101.12,101.74,100.78,101.52,35.00449527
1559455200,1559458799,101.82,101.82,101.47,101.63,66.55254389
1559458800,1559462399,101.47,103.73,101.11,103.2,2524.07300206
1559462400,1559465999,103.25,103.98,102.01,103.56,3283.60344746
1559466000,1559469599,103.64,103.99,102.81,103.05,1135.52175604
1559469600,1559473199,103.08,103.21,102.17,103.06,496.98407115
1559473200,1559476799,103.06,103.37,102.91,103.33,322.93787904
1559476800,1559480399,103.15,104.9,103.08,103.9,2005.76346943
1559480400,1559483999,103.89,103.9,101.55,102.29,1326.52255139
1559484000,1559487599,102.27,102.9,102.24,102.77,108.5443747
1559487600,1559491199,102.73,102.87,102.07,102.35,361.16030534
1559491200,1559494799,102.33,102.72,102.01,102.3,509.72113501
1559494800,1559498399,102.48,102.5,101.98,101.98,292.73411132
1559498400,1559501999,101.98,102.47,101.25,102.16,465.24278587
1559502000,1559505599,102.39,102.43,101.47,102.06,324.32103138
1559505600,1559509199,101.88,102.63,101.82,102.28,657.06295083
1559509200,1559512799,101.94,102.5,101.69,102.45,670.73996505
1559512800,1559516399,102.44,103.0,102.15,102.9,848.53478195
1559516400,1559519999,102.91,103.25,102.9,102.99,625.56724596
1559520000,1559523599,102.91,102.91,101.97,102.01,229.63818269
1559523600,1559527199,101.97,102.38,101.6,102.09,123.25593353
1559527200,1559530799,102.16,102.77,101.88,102.45,34.22104829
1559530800,1559534399,102.77,103.95,102.77,103.26,793.42860453
1559534400,1559537999,103.26,103.29,102.88,103.28,105.01842061
1559538000,1559541599,103.28,103.49,102.07,102.45,183.26779679
1559541600,1559545199,102.56,102.73,101.01,101.33,917.61441017
1559545200,1559548799,101.3,101.33,98.22,99.76,4179.04644457
1559548800,1559552399,99.84,100.97,99.78,99.93,1420.80513164
1559552400,1559555999,99.93,100.57,99.44,100.56,1132.02721025
1559556000,1559559599,100.52,101.78,100.45,101.1,978.73304292
1559559600,1559563199,101.11,101.4,100.36,100.66,1083.49428903
1559563200,1559566799,100.56,101.23,100.29,100.74,293.51685726
1559566800,1559570399,100.73,100.85,99.6,99.6,564.22899727
1559570400,1559573999,99.6,100.0,97.5,98.74,2756.66343936
1559574000,1559577599,98.56,99.66,98.0,99.5,1085.07020712
1559577600,1559581199,99.44,100.36,98.85,100.35,603.95311965
1559581200,1559584799,100.08,100.2,98.88,98.88,500.98958825
1559584800,1559588399,98.78,99.85,98.69,99.61,590.02204143
1559588400,1559591999,99.51,100.11,99.13,99.85,1832.84751964
1559592000,1559595599,99.84,100.05,99.43,99.54,1400.06963365
1559595600,1559599199,99.53,99.62,98.67,99.02,671.21261302
1559599200,1559602799,99.03,99.03,97.48,98.22,1019.73775585
1559602800,1559606399,98.22,98.22,93.55,94.41,4682.15875386
1559606400,1559609999,94.34,94.34,90.35,93.57,4928.96704063
1559610000,1559613599,93.82,95.0,93.52,93.92,605.93886848
1559613600,1559617199,93.63,94.69,93.33,93.88,646.00901525
1559617200,1559620799,93.85,94.15,91.15,91.17,1380.57789815
1559620800,1559624399,91.37,93.2,91.37,92.85,1369.68926694
1559624400,1559627999,92.84,93.23,91.7,91.82,2487.22244703
1559628000,1559631599,91.97,91.97,90.0,90.34,3096.28984491
1559631600,1559635199,90.24,91.5,88.88,91.03,5139.28738946
1559635200,1559638799,91.03,92.36,91.03,92.13,1941.61698207
1559638800,1559642399,92.13,93.66,91.52,93.58,1556.31913039
1559642400,1559645999,93.23,93.93,92.85,93.47,1180.43161639
1559646000,1559649599,93.46,93.53,92.44,92.46,524.97374612
1559649600,1559653199,92.45,93.35,92.16,93.34,1080.09476573
1559653200,1559656799,93.35,94.3,93.17,94.12,2074.7636242
1559656800,1559660399,94.0,94.0,93.01,93.06,592.66583852
1559660400,1559663999,93.09,93.64,92.75,92.76,673.2861058
1559664000,1559667599,92.77,93.13,92.5,92.5,454.31554783
1559667600,1559671199,92.52,92.96,89.08,89.66,4569.47624775
1559671200,1559674799,89.6,91.1,89.6,89.85,1585.00669997
1559674800,1559678399,89.98,90.05,86.55,88.55,5765.65848064
1559678400,1559681999,88.56,89.82,87.72,89.81,2490.16786157
1559682000,1559685599,89.77,90.0,87.09,87.1,1887.85652357
1559685600,1559689199,87.11,89.68,87.01,89.68,1650.71850969
1559689200,1559692799,89.59,90.72,88.79,90.72,431.20781941
1559692800,1559696399,90.77,91.92,90.77,90.94,786.29713237
1559696400,1559699999,90.78,90.97,90.25,90.43,63.88511433
1559700000,1559703599,90.63,91.94,90.63,91.37,294.04613326
1559703600,1559707199,91.41,91.68,91.21,91.22,68.32759253
1559707200,1559710799,91.33,91.47,90.51,90.83,502.50167692
1559710800,1559714399,90.95,91.31,90.17,90.29,853.79765379
1559714400,1559717999,90.29,90.88,89.75,90.42,814.63778059
1559718000,1559721599,90.42,93.45,90.4,92.65,3201.84092564
1559721600,1559725199,92.5,92.77,91.35,92.04,1649.80360012
1559725200,1559728799,91.94,92.56,91.49,92.2,447.89444013
1559728800,1559732399,92.2,93.21,91.97,93.15,1052.96559738
1559732400,1559735999,93.21,93.56,91.67,92.15,1556.13404201
1559736000,1559739599,91.88,92.04,90.55,90.74,1284.4228617
1559739600,1559743199,90.72,91.67,90.34,90.82,428.83216499
1559743200,1559746799,91.02,91.68,89.91,90.33,835.16267702
1559746800,1559750399,90.74,90.74,89.29,89.97,940.58556105
1559750400,1559753999,89.96,91.78,89.73,91.38,1273.80414236
1559754000,1559757599,91.24,92.19,90.67,91.72,1200.30384679
1559757600,1559761199,91.75,91.96,91.55,91.82,407.82644352
1559761200,1559764799,91.66,92.5,91.66,91.91,1796.37253618
1559764800,1559768399,91.99,93.0,90.77,91.24,1830.37755454
1559768400,1559771999,91.22,92.3,91.01,92.28,525.87186874
1559772000,1559775599,91.75,92.6,91.75,92.6,195.95977195
1559775600,1559779199,92.6,92.95,92.33,92.34,810.48091972
1559779200,1559782799,92.41,93.0,92.33,92.53,347.8720402
1559782800,1559786399,92.66,93.5,92.66,93.34,300.10619246
1559786400,1559789999,93.4,93.59,92.75,93.44,272.23324517
1559790000,1559793599,93.58,94.0,93.48,93.76,292.35782419
1559793600,1559797199,93.73,93.83,92.51,93.21,688.15193618
1559797200,1559800799,93.2,93.2,92.27,92.64,398.90029947
1559800800,1559804399,92.77,93.33,92.56,93.28,415.83444268
1559804400,1559807999,93.3,93.45,92.22,92.35,309.27953305
1559808000,1559811599,92.22,92.81,91.9,92.73,433.86495329
1559811600,1559815199,92.73,93.1,92.46,92.5,157.71327757
1559815200,1559818799,92.45,92.85,92.15,92.85,347.89983814
1559818800,1559822399,92.82,93.11,92.66,93.11,504.42943443
1559822400,1559825999,93.1,93.1,91.26,91.6,1692.98099167
1559826000,1559829599,91.56,91.75,90.35,91.54,761.37514257
1559829600,1559833199,91.31,91.41,90.19,90.95,716.06353054
1559833200,1559836799,90.94,91.8,90.56,91.73,413.68047058
1559836800,1559840399,91.71,92.44,91.27,92.32,800.85732337
1559840400,1559843999,92.44,92.44,91.22,91.42,433.29801124
1559844000,1559847599,91.2,92.01,89.75,91.89,2010.89155694
1559847600,1559851199,91.82,92.21,91.25,91.94,630.23512585
1559851200,1559854799,91.89,93.4,91.55,93.07,1189.69500897
1559854800,1559858399,93.1,97.36,93.1,96.75,4586.40745391
1559858400,1559861999,96.86,99.0,95.93,97.87,3217.17686053
1559862000,1559865599,97.99,99.58,97.99,98.73,2087.36695473
1559865600,1559869199,98.96,99.25,97.64,97.64,1389.6942799
1559869200,1559872799,97.7,98.62,97.7,98.48,262.57655968
1559872800,1559876399,98.31,98.73,98.11,98.31,78.81004996
1559876400,1559879999,98.3,98.8,98.24,98.35,493.3674875
